Workbook

Sheet Tables & Calculations
A1: Number of rides by user type (casual vs member)
A2: user type | B2: Number of rides | C2: Percentage
A3: casual | B3: 2000084 | C3: =B3/SUM($B$3:$B$4) -> 0.36024159
A4: member | B4: 3551979 | C4: =B4/SUM($B$3:$B$4) -> 0.63975841
A6: Number of rides by bike type
A7: bike type | B7: Number of rides | C7: Percentage | D7: Total
A8: classic_bike | B8: 1942384 | C8: =B8/SUM($B$8:$B$9) -> 0.34984906 | D8: 5552063
A9: electric_bike | B9: 3609679 | C9: =B9/SUM($B$8:$B$9) -> 0.65015094
A11: Number of rides by bike type for each user type
A12: user type | B12: bike type | C12: Number of rides | D12: Percentage | E12: Total
A13: casual | B13: electric_bike | C13: 1328141 | D13: =C13/SUM($C$13:$C$14) -> 0.66404261 | E13: 5552063
A14: casual | B14: classic_bike | C14: 671943 | D14: =C14/SUM($C$13:$C$14) -> 0.33595739
A15: member | B15: electric_bike | C15: 2281538 | D15: =C15/SUM($C$15:$C$16) -> 0.64232868
A16: member | B16: classic_bike | C16: 1270441 | D16: =C16/SUM($C$15:$C$16) -> 0.35767132
A18: Average ride duration by user type after excluding rides longer than 150 minutes
A19: user type | B19: Average ride duration | C19: outliers
A20: casual | B20: 17.28 | C20: 0.0039433991
A21: member | B21: 11.45
A23: Ride Duration Distribution by User Type
A24: user type | B24: Ride Duration Distribution | C24: Number of rides | D24: Percentage
A25: casual | B25: 0-10 | C25: 881537 | D25: =C25/SUM($C$25:$C$28) -> 0.44424427
A26: casual | B26: 10-20 | C26: 579858 | D26: =C26/SUM($C$25:$C$28) -> 0.29221529
A27: casual | B27: 20-40 | C27: 344899 | D27: =C27/SUM($C$25:$C$28) -> 0.17380938
A28: casual | B28: 40+ | C28: 178058 | D28: =C28/SUM($C$25:$C$28) -> 0.089731056
A29: member | B29: 0-10 | C29: 2050690 | D29: =C29/SUM($C$29:$C$32) -> 0.57834062
A30: member | B30: 10-20 | C30: 1006769 | D30: =C30/SUM($C$29:$C$32) -> 0.28393146
A31: member | B31: 20-40 | C31: 414677 | D31: =C31/SUM($C$29:$C$32) -> 0.11694822
A32: member | B32: 40+ | C32: 73681 | D32: =C32/SUM($C$29:$C$32) -> 0.020779696
A34: Number of rides by hour of day for each user type | G34: hour comparison using time blocks
A35: user type | B35: hour of day | C35: Number of rides | D35: Percentage | G35: user type | H35: time blocks | I35: Number of rides | J35: Percentage
A36: casual | B36: 0 | C36: 38891 | D36: 0.019444683 | G36: casual | H36: Morning | I36: =SUM('Tables & Calculations'!C42:C46) -> 303306 | J36: =I36/SUM('Tables & Calculations'!$C$36:$C$59) -> 0.15164663
A37: casual | B37: 1 | C37: 24873 | D37: 0.012435978 | G37: casual | H37: Afternoon | I37: =SUM('Tables & Calculations'!C47:C52) -> 839009 | J37: =I37/SUM('Tables & Calculations'!$C$36:$C$59) -> 0.41948688
A38: casual | B38: 2 | C38: 16687 | D38: 0.0083431496 | G38: casual | H38: Evening | I38: =SUM('Tables & Calculations'!C53:C57) -> 639683 | J38: =I38/SUM('Tables & Calculations'!$C$36:$C$59) -> 0.31982807
A39: casual | B39: 3 | C39: 9253 | D39: 0.0046263057 | G39: casual | H39: Night | I39: =SUM('Tables & Calculations'!C58:C59,'Tables & Calculations'!C36:C41) -> 218086 | J39: =I39/SUM('Tables & Calculations'!$C$36:$C$59) -> 0.10903842
A40: casual | B40: 4 | C40: 7280 | D40: 0.0036398471 | G40: member | H40: Morning | I40: =SUM('Tables & Calculations'!C66:C70) -> 867606 | J40: =I40/SUM('Tables & Calculations'!$C$60:$C$83) -> 0.24425989
A41: casual | B41: 5 | C41: 11521 | D41: 0.0057602581 | G41: member | H41: Afternoon | I41: =SUM('Tables & Calculations'!C71:C76) -> 1302808 | J41: =I41/SUM('Tables & Calculations'!$C$60:$C$83) -> 0.3667837
A42: casual | B42: 6 | C42: 26632 | D42: 0.013315441 | G42: member | H42: Evening | I42: =SUM('Tables & Calculations'!C77:C81) -> 1134927 | J42: =I42/SUM('Tables & Calculations'!$C$60:$C$83) -> 0.31951963
A43: casual | B43: 7 | C43: 49693 | D43: 0.024845456 | G43: member | H43: Night | I43: =SUM('Tables & Calculations'!C82:C83,'Tables & Calculations'!C60:C65) -> 246638 | J43: =I43/SUM('Tables & Calculations'!$C$60:$C$83) -> 0.069436784
A44: casual | B44: 8 | C44: 70563 | D44: 0.035280018
A45: casual | B45: 9 | C45: 70889 | D45: 0.035443011
A46: casual | B46: 10 | C46: 85529 | D46: 0.042762704
A47: casual | B47: 11 | C47: 109329 | D47: 0.054662204
A48: casual | B48: 12 | C48: 128679 | D48: 0.064336798
A49: casual | B49: 13 | C49: 131872 | D49: 0.065933231
A50: casual | B50: 14 | C50: 138926 | D50: 0.069460083
A51: casual | B51: 15 | C51: 154303 | D51: 0.07714826
A52: casual | B52: 16 | C52: 175900 | D52: 0.087946306
A53: casual | B53: 17 | C53: 190743 | D53: 0.095367495
A54: casual | B54: 18 | C54: 163896 | D54: 0.081944558
A55: casual | B55: 19 | C55: 121939 | D55: 0.060966939
... A83: member | B83: 23 | C83: 50407 | D83: 0.014191244
A85: Average Ride Duration by Hour | D85: Calculations | G85: Average Ride Duration by time blocks
A86: user type | B86: hour of day | C86: Average Ride Duration | D86: Number of rides | E86: Number of rides * Average Ride Duration | G86: user type | H86: time blocks | I86: Average Ride Duration
A87: casual | B87: 0 | C87: 12.949741 | D87: 38891 | E87: =C87*D87 -> 503628.39 | G87: casual | H87: Morning | I87: =SUM('Tables & Calculations'!E93:E97)/SUM('Tables & Calculations'!D93:D97) -> 16.036539
A88: casual | B88: 1 | C88: 12.909101 | D88: 24873 | E88: =C88*D88 -> 321088.07 | G88: casual | H88: Afternoon | I88: =SUM('Tables & Calculations'!E98:E103)/SUM('Tables & Calculations'!D98:D103) -> 19.652495
A89: casual | B89: 2 | C89: 12.68698 | D89: 16687 | E89: =C89*D89 -> 211707.64 | G89: casual | H89: Evening | I89: =SUM('Tables & Calculations'!E104:E108)/SUM('Tables & Calculations'!D104:D108) -> 16.061702
A90: casual | B90: 3 | C90: 12.500351 | D90: 9253 | E90: =C90*D90 -> 115665.75 | G90: casual | H90: Night | I90: =SUM('Tables & Calculations'!E87:E92,'Tables & Calculations'!E109:E110)/SUM('Tables & Calculations'!D87:D92,'Tables & Calculations'!D109:D110) -> 13.5168
A91: casual | B91: 4 | C91: 11.014566 | D91: 7280 | E91: =C91*D91 -> 80186.039 | G91: member | H91: Morning | I91: =SUM('Tables & Calculations'!E117:E121)/SUM('Tables & Calculations'!D117:D121) -> 10.536838
A92: casual | B92: 5 | C92: 11.571964 | D92: 11521 | E92: =C92*D92 -> 133320.59 | G92: member | H92: Afternoon | I92: =SUM('Tables & Calculations'!E122:E127)/SUM('Tables & Calculations'!D122:D127) -> 11.752223
A93: casual | B93: 6 | C93: 11.337455 | D93: 26632 | E93: =C93*D93 -> 301939.1 | G93: member | H93: Evening | I93: =SUM('Tables & Calculations'!E128:E132)/SUM('Tables & Calculations'!D128:D132) -> 11.940965
A94: casual | B94: 7 | C94: 12.0906 | D94: 49693 | E94: =C94*D94 -> 600818.17 | G94: member | H94: Night | I94: =SUM('Tables & Calculations'!E111:E116,'Tables & Calculations'!E133:E134)/SUM('Tables & Calculations'!D111:D116,'Tables & Calculations'!D133:D134) -> 10.897185
A95: casual | B95: 8 | C95: 13.361065 | D95: 70563 | E95: =C95*D95 -> 942796.86
A96: casual | B96: 9 | C96: 17.464651 | D96: 70889 | E96: =C96*D96 -> 1238051.6
A97: casual | B97: 10 | C97: 20.816012 | D97: 85529 | E97: =C97*D97 -> 1780372.7
A98: casual | B98: 11 | C98: 21.059554 | D98: 109329 | E98: =C98*D98 -> 2302420
A99: casual | B99: 12 | C99: 20.309645 | D99: 128679 | E99: =C99*D99 -> 2613424.8
A100: casual | B100: 13 | C100: 20.550253 | D100: 131872 | E100: =C100*D100 -> 2710003
A101: casual | B101: 14 | C101: 20.261335 | D101: 138926 | E101: =C101*D101 -> 2814826.3
A102: casual | B102: 15 | C102: 19.054193 | D102: 154303 | E102: =C102*D102 -> 2940119.2
A103: casual | B103: 16 | C103: 17.668148 | D103: 175900 | E103: =C103*D103 -> 3107827.3
A104: casual | B104: 17 | C104: 16.82234 | D104: 190743 | E104: =C104*D104 -> 3208743.6
A105: casual | B105: 18 | C105: 16.274626 | D105: 163896 | E105: =C105*D105 -> 2667346
A106: casual | B106: 19 | C106: 15.897523 | D106: 121939 | E106: =C106*D106 -> 1938528
... A134: member | B134: 23 | C134: 11.362862 | D134: 50407 | E134: =C134*D134 -> 572767.77
A136: Number of rides by day of week for each user type | G136: Weekend vs Weekday comparison
A137: user type | B137: day of week | C137: Number of rides | D137: Percentage | G137: user type | H137: Weekend vs Weekday | I137: Percentage
A138: casual | B138: SUN | C138: 332460 | D138: =C138/SUM($C$138:$C$144) -> 0.16622302 | G138: casual | H138: Weekend | I138: =SUM('Tables & Calculations'!C138,'Tables & Calculations'!C144)/SUM('Tables & Calculations'!C138:C144) -> 0.37319183
A139: casual | B139: MON | C139: 228824 | D139: =C139/SUM($C$138:$C$144) -> 0.11440719 | G139: casual | H139: Weekday | I139: =1-I138 -> 0.62680817
A140: casual | B140: TUE | C140: 227079 | D140: =C140/SUM($C$138:$C$144) -> 0.11353473 | G140: member | H140: Weekend | I140: =SUM('Tables & Calculations'!C145,'Tables & Calculations'!C151)/SUM('Tables & Calculations'!C145:C151) -> 0.23400195
A141: casual | B141: WED | C141: 220516 | D141: =C141/SUM($C$138:$C$144) -> 0.11025337 | G141: member | H141: Weekday | I141: =1-I140 -> 0.76599805
A142: casual | B142: THU | C142: 257285 | D142: =C142/SUM($C$138:$C$144) -> 0.1286371
A143: casual | B143: FRI | C143: 319965 | D143: =C143/SUM($C$138:$C$144) -> 0.15997578
A144: casual | B144: SAT | C144: 413955 | D144: =C144/SUM($C$138:$C$144) -> 0.20696881
A145: member | B145: SUN | C145: 382132 | D145: =C145/SUM($C$145:$C$151) -> 0.10758284
A146: member | B146: MON | C146: 504352 | D146: =C146/SUM($C$145:$C$151) -> 0.14199183
A147: member | B147: TUE | C147: 569167 | D147: =C147/SUM($C$145:$C$151) -> 0.1602394
A148: member | B148: WED | C148: 548658 | D148: =C148/SUM($C$145:$C$151) -> 0.15446544
A149: member | B149: THU | C149: 571181 | D149: =C149/SUM($C$145:$C$151) -> 0.16080641
A150: member | B150: FRI | C150: 527451 | D150: =C150/SUM($C$145:$C$151) -> 0.14849497
A151: member | B151: SAT | C151: 449038 | D151: =C151/SUM($C$145:$C$151) -> 0.1264191
A153: Average ride duration by day of week after excluding outliers | D153: Calculations | G153: Average Ride Duration (Weekday / Weekend)
A154: user type | B154: day of week | C154: Average Ride Duration | D154: Number of rides | E154: Number of rides * Average ride duration by day | G154: user type | H154: Weekend vs Weekday | I154: Average Ride Duration
A155: casual | B155: SUN | C155: 19.789769 | D155: 332460 | E155: =C155*D155 -> 6579306.6 | G155: casual | H155: Weekend | I155: =SUM('Tables & Calculations'!E155,'Tables & Calculations'!E161)/SUM('Tables & Calculations'!D155,'Tables & Calculations'!D161) -> 19.490756
A156: casual | B156: MON | C156: 17.252962 | D156: 228824 | E156: =C156*D156 -> 3947891.8 | G156: casual | H156: Weekday | I156: =SUM('Tables & Calculations'!E156:E160)/SUM('Tables & Calculations'!D156:D160) -> 15.974432
A157: casual | B157: TUE | C157: 15.347716 | D157: 227079 | E157: =C157*D157 -> 3485144 | G157: member | H157: Weekend | I157: =SUM('Tables & Calculations'!E162,'Tables & Calculations'!E168)/SUM('Tables & Calculations'!D162,'Tables & Calculations'!D168) -> 12.482659
A158: casual | B158: WED | C158: 14.541681 | D158: 220516 | E158: =C158*D158 -> 3206673.4 | G158: member | H158: Weekday | I158: =SUM('Tables & Calculations'!E163:E167)/SUM('Tables & Calculations'!D163:D167) -> 11.14306
A159: casual | B159: THU | C159: 15.3088 | D159: 257285 | E159: =C159*D159 -> 3938724.7
A160: casual | B160: FRI | C160: 17.027537 | D160: 319965 | E160: =C160*D160 -> 5448215.8
A161: casual | B161: SAT | C161: 19.250609 | D161: 413955 | E161: =C161*D161 -> 7968886
A162: member | B162: SUN | C162: 12.519418 | D162: 382132 | E162: =C162*D162 -> 4784070.2
...

Sheet user & bike type
A1: Number of rides by user type (casual vs member)
A2: user type | B2: Number of rides | C2: Percentage
A3: casual | B3: 2000084 | C3: =B3/SUM($B$3:$B$4) -> 0.36024159
A4: member | B4: 3551979 | C4: =B4/SUM($B$3:$B$4) -> 0.63975841

Sheet Visualizations

Sheet Average ride duration 
A2: user type | B2: Average ride duration
A3: casual | B3: 17.28
A4: member | B4: 11.45
A7: Ride Duration Distribution | B7: casual | C7: member
A8: 0-10 min | B8: 0.44424427 | C8: 0.57834062
A9: 10-20 min | B9: 0.29221529 | C9: 0.28393146
A10: 20-40 min | B10: 0.17380938 | C10: 0.11694822
A11: 40+ min | B11: 0.089731056 | C11: 0.020779696

Sheet rides by hour of day 
B1: Morning | C1: Afternoon | D1: Evening | E1: Night
A2: casual | B2: 16.036539 | C2: 19.652495 | D2: 16.061702 | E2: 13.5168
A3: member | B3: 10.536838 | C3: 11.752223 | D3: 11.940965 | E3: 10.897185
B5: 0 | C5: 1 | D5: 2 | E5: 3 | F5: 4 | G5: 5 | H5: 6 | I5: 7 | J5: 8 | K5: 9 | L5: 10 | M5: 11 | N5: 12 | O5: 13 | P5: 14 | Q5: 15 | R5: 16 | S5: 17 | T5: 18 | U5: 19 | V5: 20 | W5: 21 | X5: 22 | Y5: 23
A6: casual | B6: 0.019444683 | C6: 0.012435978 | D6: 0.0083431496 | E6: 0.0046263057 | F6: 0.0036398471 | G6: 0.0057602581 | H6: 0.013315441 | I6: 0.024845456 | J6: 0.035280018 | K6: 0.035443011 | L6: 0.042762704 | M6: 0.054662204 | N6: 0.064336798 | O6: 0.065933231 | P6: 0.069460083 | Q6: 0.07714826 | R6: 0.087946306 | S6: 0.095367495 | T6: 0.081944558 | U6: 0.060966939 | V6: 0.043959154 | W6: 0.037589921 | X6: 0.031765666 | Y6: 0.023022533
A7: member | B7: 0.0091250539 | C7: 0.0056284117 | D7: 0.0034031733 | E7: 0.0022243938 | F7: 0.0024884719 | G7: 0.0096571517 | H7: 0.028425562 | I7: 0.056232314 | J7: 0.072334606 | K7: 0.046939185 | L7: 0.040328223 | M7: 0.047324323 | N7: 0.053554934 | O7: 0.05206506 | P7: 0.052861799 | Q7: 0.066765597 | R7: 0.094211987 | S7: 0.10761212 | T7: 0.083305954 | U7: 0.057583674 | V7: 0.03987608 | W7: 0.031141794 | X7: 0.022718884 | Y7: 0.014191244

Sheet Number of rides by day of week 
B1: Weekday | C1: Weekend
A2: casual | B2: 15.974432 | C2: 19.490756
A3: member | B3: 11.14306 | C3: 12.482659
B5: SUN | C5: MON | D5: TUE | E5: WED | F5: THU | G5: FRI | H5: SAT
A6: casual | B6: 0.16622302 | C6: 0.11440719 | D6: 0.11353473 | E6: 0.11025337 | F6: 0.1286371 | G6: 0.15997578 | H6: 0.20696881
A7: member | B7: 0.10758284 | C7: 0.14199183 | D7: 0.1602394 | E7: 0.15446544 | F7: 0.16080641 | G7: 0.14849497 | H7: 0.1264191

Sheet rides by month 
B1: casual | C1: member
A2: Spring | B2: 17.002608 | C2: 10.921436
A3: Summer | B3: 18.7804 | C3: 12.37337
A4: Fall | B4: 15.966412 | C4: 11.370606
A5: Winter | B5: 10.55651 | C5: 9.5888149
B7: JAN | C7: FEB | D7: MAR | E7: APR | F7: MAY | G7: JUN | H7: JUL | I7: AUG | J7: SEP | K7: OCT | L7: NOV | M7: DEC
A8: casual | B8: 0.01237048 | C8: 0.013877917 | D8: 0.042929197 | E8: 0.054617206 | F8: 0.091381162 | G8: 0.14599687 | H8: 0.16166921 | I8: 0.1689319 | J8: 0.13262843 | K8: 0.1120143 | L8: 0.049538919 | M8: 0.01404441
A9: member | B9: 0.031823668 | C9: 0.034950657 | D9: 0.059760488 | E9: 0.073800267 | F9: 0.090046985 | G9: 0.10889563 | H9: 0.12390445 | I9: 0.1273766 | J9: 0.12649118 | K9: 0.11882334 | L9: 0.072466926 | M9: 0.031659816
